sample_id,category,dice,precision,recall,gt_pixels,pred_pixels,overlay
025fd5ba6125aad5,acceptable,0.823721,0.888238,0.767959,9075,7846,C:\Users\16024\Desktop\齿镜\calculus-unetpp\artifacts\v2_error_analysis\overlays\acceptable__025fd5ba6125aad5.jpg
035387328cb2479e,negative_clean,1.0,1.0,1.0,0,0,C:\Users\16024\Desktop\齿镜\calculus-unetpp\artifacts\v2_error_analysis\overlays\negative_clean__035387328cb2479e.jpg
076f38c4104af99d,negative_clean,1.0,1.0,1.0,0,0,C:\Users\16024\Desktop\齿镜\calculus-unetpp\artifacts\v2_error_analysis\overlays\negative_clean__076f38c4104af99d.jpg
08314ac8404a989f,negative_clean,1.0,1.0,1.0,0,0,C:\Users\16024\Desktop\齿镜\calculus-unetpp\artifacts\v2_error_analysis\overlays\negative_clean__08314ac8404a989f.jpg
08bca747fd8f706f,false_negative,0.000251,1.0,0.000251,3981,0,C:\Users\16024\Desktop\齿镜\calculus-unetpp\artifacts\v2_error_analysis\overlays\false_negative__08bca747fd8f706f.jpg
093d9686ed11672f,false_negative,0.000569,1.0,0.000569,1757,0,C:\Users\16024\Desktop\齿镜\calculus-unetpp\artifacts\v2_error_analysis\overlays\false_negative__093d9686ed11672f.jpg
09ad16192fadf0ab,negative_clean,1.0,1.0,1.0,0,0,C:\Users\16024\Desktop\齿镜\calculus-unetpp\artifacts\v2_error_analysis\overlays\negative_clean__09ad16192fadf0ab.jpg
0a8b81b415d454a2,negative_clean,1.0,1.0,1.0,0,0,C:\Users\16024\Desktop\齿镜\calculus-unetpp\artifacts\v2_error_analysis\overlays\negative_clean__0a8b81b415d454a2.jpg
0abd20f4f90881d9,false_negative,0.080492,0.100233,0.068471,627,428,C:\Users\16024\Desktop\齿镜\calculus-unetpp\artifacts\v2_error_analysis\overlays\false_negative__0abd20f4f90881d9.jpg
0bc4f141909794da,acceptable,0.499641,0.819788,0.359504,1935,848,C:\Users\16024\Desktop\齿镜\calculus-unetpp\artifacts\v2_error_analysis\overlays\acceptable__0bc4f141909794da.jpg
0cc7e302c3733a39,negative_clean,1.0,1.0,1.0,0,0,C:\Users\16024\Desktop\齿镜\calculus-unetpp\artifacts\v2_error_analysis\overlays\negative_clean__0cc7e302c3733a39.jpg
0dcba3521f2f27b1,false_negative,0.00018,1.0,0.00018,5563,0,C:\Users\16024\Desktop\齿镜\calculus-unetpp\artifacts\v2_error_analysis\overlays\false_negative__0dcba3521f2f27b1.jpg
0f60d9c6d2284e98,negative_clean,1.0,1.0,1.0,0,0,C:\Users\16024\Desktop\齿镜\calculus-unetpp\artifacts\v2_error_analysis\overlays\negative_clean__0f60d9c6d2284e98.jpg
118d63ecb0728c8d,negative_clean,1.0,1.0,1.0,0,0,C:\Users\16024\Desktop\齿镜\calculus-unetpp\artifacts\v2_error_analysis\overlays\negative_clean__118d63ecb0728c8d.jpg
1192439045d9b7a4,false_positive,0.002415,0.002415,1.0,0,413,C:\Users\16024\Desktop\齿镜\calculus-unetpp\artifacts\v2_error_analysis\overlays\false_positive__1192439045d9b7a4.jpg
146a1d096a65c95c,negative_clean,1.0,1.0,1.0,0,0,C:\Users\16024\Desktop\齿镜\calculus-unetpp\artifacts\v2_error_analysis\overlays\negative_clean__146a1d096a65c95c.jpg
16150d0441b7e91c,negative_clean,1.0,1.0,1.0,0,0,C:\Users\16024\Desktop\齿镜\calculus-unetpp\artifacts\v2_error_analysis\overlays\negative_clean__16150d0441b7e91c.jpg
1751ce78d9ab9919,false_positive,0.00012,0.00012,1.0,0,8365,C:\Users\16024\Desktop\齿镜\calculus-unetpp\artifacts\v2_error_analysis\overlays\false_positive__1751ce78d9ab9919.jpg
18429d887e6c2467,acceptable,0.500926,0.635368,0.413863,980,638,C:\Users\16024\Desktop\齿镜\calculus-unetpp\artifacts\v2_error_analysis\overlays\acceptable__18429d887e6c2467.jpg
1be8e8c4ebcf6860,acceptable,0.725725,0.671623,0.789396,3375,3967,C:\Users\16024\Desktop\齿镜\calculus-unetpp\artifacts\v2_error_analysis\overlays\acceptable__1be8e8c4ebcf6860.jpg
1c3d48d5b490c57b,negative_clean,1.0,1.0,1.0,0,0,C:\Users\16024\Desktop\齿镜\calculus-unetpp\artifacts\v2_error_analysis\overlays\negative_clean__1c3d48d5b490c57b.jpg
1c758087cb5b67f7,oversegmentation,0.327021,0.209497,0.75,299,1073,C:\Users\16024\Desktop\齿镜\calculus-unetpp\artifacts\v2_error_analysis\overlays\oversegmentation__1c758087cb5b67f7.jpg
1ca054c3f97481fe,false_negative,0.001842,1.0,0.001842,542,0,C:\Users\16024\Desktop\齿镜\calculus-unetpp\artifacts\v2_error_analysis\overlays\false_negative__1ca054c3f97481fe.jpg
1df7baa85937126f,negative_clean,1.0,1.0,1.0,0,0,C:\Users\16024\Desktop\齿镜\calculus-unetpp\artifacts\v2_error_analysis\overlays\negative_clean__1df7baa85937126f.jpg
1eee287a9ac59db2,false_negative,0.000152,1.0,0.000152,6592,0,C:\Users\16024\Desktop\齿镜\calculus-unetpp\artifacts\v2_error_analysis\overlays\false_negative__1eee287a9ac59db2.jpg
1f4a4652c42742f6,negative_clean,1.0,1.0,1.0,0,0,C:\Users\16024\Desktop\齿镜\calculus-unetpp\artifacts\v2_error_analysis\overlays\negative_clean__1f4a4652c42742f6.jpg
1fc282e285f4e310,negative_clean,1.0,1.0,1.0,0,0,C:\Users\16024\Desktop\齿镜\calculus-unetpp\artifacts\v2_error_analysis\overlays\negative_clean__1fc282e285f4e310.jpg
20c67f87dc6e3faa,negative_clean,1.0,1.0,1.0,0,0,C:\Users\16024\Desktop\齿镜\calculus-unetpp\artifacts\v2_error_analysis\overlays\negative_clean__20c67f87dc6e3faa.jpg
2338ad3fc0e9f8ee,acceptable,0.708712,0.748599,0.672887,10717,9633,C:\Users\16024\Desktop\齿镜\calculus-unetpp\artifacts\v2_error_analysis\overlays\acceptable__2338ad3fc0e9f8ee.jpg
284fa3ec41184697,negative_clean,1.0,1.0,1.0,0,0,C:\Users\16024\Desktop\齿镜\calculus-unetpp\artifacts\v2_error_analysis\overlays\negative_clean__284fa3ec41184697.jpg
28c245bcaecfa35c,false_negative,0.000201,1.0,0.000201,4963,0,C:\Users\16024\Desktop\齿镜\calculus-unetpp\artifacts\v2_error_analysis\overlays\false_negative__28c245bcaecfa35c.jpg
2b66fc01e0d1d87d,negative_clean,1.0,1.0,1.0,0,0,C:\Users\16024\Desktop\齿镜\calculus-unetpp\artifacts\v2_error_analysis\overlays\negative_clean__2b66fc01e0d1d87d.jpg
2d6df0832b4f8bdc,acceptable,0.656924,0.574069,0.767765,11285,15093,C:\Users\16024\Desktop\齿镜\calculus-unetpp\artifacts\v2_error_analysis\overlays\acceptable__2d6df0832b4f8bdc.jpg
2fdbf46781f230c3,negative_clean,1.0,1.0,1.0,0,0,C:\Users\16024\Desktop\齿镜\calculus-unetpp\artifacts\v2_error_analysis\overlays\negative_clean__2fdbf46781f230c3.jpg
30e8b5c431e0adb9,negative_clean,1.0,1.0,1.0,0,0,C:\Users\16024\Desktop\齿镜\calculus-unetpp\artifacts\v2_error_analysis\overlays\negative_clean__30e8b5c431e0adb9.jpg
30f713d6bd6ea1c6,acceptable,0.813367,0.902432,0.740307,45314,37173,C:\Users\16024\Desktop\齿镜\calculus-unetpp\artifacts\v2_error_analysis\overlays\acceptable__30f713d6bd6ea1c6.jpg
31dfefce061a08c4,false_negative,0.001681,1.0,0.001681,594,0,C:\Users\16024\Desktop\齿镜\calculus-unetpp\artifacts\v2_error_analysis\overlays\false_negative__31dfefce061a08c4.jpg
35f037b171da6eec,negative_clean,1.0,1.0,1.0,0,0,C:\Users\16024\Desktop\齿镜\calculus-unetpp\artifacts\v2_error_analysis\overlays\negative_clean__35f037b171da6eec.jpg
379bb92cd9b9b7b4,negative_clean,1.0,1.0,1.0,0,0,C:\Users\16024\Desktop\齿镜\calculus-unetpp\artifacts\v2_error_analysis\overlays\negative_clean__379bb92cd9b9b7b4.jpg
3962fe1eb2d17514,negative_clean,1.0,1.0,1.0,0,0,C:\Users\16024\Desktop\齿镜\calculus-unetpp\artifacts\v2_error_analysis\overlays\negative_clean__3962fe1eb2d17514.jpg
3aed0ac990ee0245,false_positive,6.6e-05,6.6e-05,1.0,0,15097,C:\Users\16024\Desktop\齿镜\calculus-unetpp\artifacts\v2_error_analysis\overlays\false_positive__3aed0ac990ee0245.jpg
3d02f9afe6459d49,oversegmentation,0.035152,0.018406,0.422492,328,7551,C:\Users\16024\Desktop\齿镜\calculus-unetpp\artifacts\v2_error_analysis\overlays\oversegmentation__3d02f9afe6459d49.jpg
3d5e6daba8f9cf9f,negative_clean,1.0,1.0,1.0,0,0,C:\Users\16024\Desktop\齿镜\calculus-unetpp\artifacts\v2_error_analysis\overlays\negative_clean__3d5e6daba8f9cf9f.jpg
3dc24a2468d02f26,negative_clean,1.0,1.0,1.0,0,0,C:\Users\16024\Desktop\齿镜\calculus-unetpp\artifacts\v2_error_analysis\overlays\negative_clean__3dc24a2468d02f26.jpg
3eb8ea747efc1265,negative_clean,1.0,1.0,1.0,0,0,C:\Users\16024\Desktop\齿镜\calculus-unetpp\artifacts\v2_error_analysis\overlays\negative_clean__3eb8ea747efc1265.jpg
3ed669083961ac43,negative_clean,1.0,1.0,1.0,0,0,C:\Users\16024\Desktop\齿镜\calculus-unetpp\artifacts\v2_error_analysis\overlays\negative_clean__3ed669083961ac43.jpg
4132649e5162eb55,negative_clean,1.0,1.0,1.0,0,0,C:\Users\16024\Desktop\齿镜\calculus-unetpp\artifacts\v2_error_analysis\overlays\negative_clean__4132649e5162eb55.jpg
42c0e1aacef1e068,acceptable,0.704957,0.560022,0.951123,22218,37735,C:\Users\16024\Desktop\齿镜\calculus-unetpp\artifacts\v2_error_analysis\overlays\acceptable__42c0e1aacef1e068.jpg
4369b88e5ed80ff8,acceptable,0.79126,0.741015,0.848837,9545,10934,C:\Users\16024\Desktop\齿镜\calculus-unetpp\artifacts\v2_error_analysis\overlays\acceptable__4369b88e5ed80ff8.jpg
43f569bda9fadf2d,acceptable,0.550542,0.381279,0.990325,3203,8321,C:\Users\16024\Desktop\齿镜\calculus-unetpp\artifacts\v2_error_analysis\overlays\acceptable__43f569bda9fadf2d.jpg
444c09fa34f99766,acceptable,0.477804,0.321016,0.934361,2528,7360,C:\Users\16024\Desktop\齿镜\calculus-unetpp\artifacts\v2_error_analysis\overlays\acceptable__444c09fa34f99766.jpg
467648a935adbdee,false_negative,0.000158,1.0,0.000158,6319,0,C:\Users\16024\Desktop\齿镜\calculus-unetpp\artifacts\v2_error_analysis\overlays\false_negative__467648a935adbdee.jpg
48cb38c42a29148f,severe_undersegmentation,0.112479,0.071227,0.272973,369,1417,C:\Users\16024\Desktop\齿镜\calculus-unetpp\artifacts\v2_error_analysis\overlays\severe_undersegmentation__48cb38c42a29148f.jpg
492eacff71419fc5,negative_clean,1.0,1.0,1.0,0,0,C:\Users\16024\Desktop\齿镜\calculus-unetpp\artifacts\v2_error_analysis\overlays\negative_clean__492eacff71419fc5.jpg
4c2fb956085a3d28,false_positive,7e-05,7e-05,1.0,0,14377,C:\Users\16024\Desktop\齿镜\calculus-unetpp\artifacts\v2_error_analysis\overlays\false_positive__4c2fb956085a3d28.jpg
4dce01ea74d46050,negative_clean,1.0,1.0,1.0,0,0,C:\Users\16024\Desktop\齿镜\calculus-unetpp\artifacts\v2_error_analysis\overlays\negative_clean__4dce01ea74d46050.jpg
4f69016ee86e528e,acceptable,0.532986,0.774443,0.406362,6412,3364,C:\Users\16024\Desktop\齿镜\calculus-unetpp\artifacts\v2_error_analysis\overlays\acceptable__4f69016ee86e528e.jpg
4fd890050657dbd9,negative_clean,1.0,1.0,1.0,0,0,C:\Users\16024\Desktop\齿镜\calculus-unetpp\artifacts\v2_error_analysis\overlays\negative_clean__4fd890050657dbd9.jpg
515f7da098f40ec8,oversegmentation,0.064865,0.033971,0.738562,458,9978,C:\Users\16024\Desktop\齿镜\calculus-unetpp\artifacts\v2_error_analysis\overlays\oversegmentation__515f7da098f40ec8.jpg
5372644fb4168031,acceptable,0.436453,0.322674,0.676829,327,687,C:\Users\16024\Desktop\齿镜\calculus-unetpp\artifacts\v2_error_analysis\overlays\acceptable__5372644fb4168031.jpg
55eb2c5a8053ab36,false_positive,0.000117,0.000117,1.0,0,8515,C:\Users\16024\Desktop\齿镜\calculus-unetpp\artifacts\v2_error_analysis\overlays\false_positive__55eb2c5a8053ab36.jpg
56b6973a123a9861,negative_clean,1.0,1.0,1.0,0,0,C:\Users\16024\Desktop\齿镜\calculus-unetpp\artifacts\v2_error_analysis\overlays\negative_clean__56b6973a123a9861.jpg
5768a68f298ce2f4,false_positive,0.00189,0.00189,1.0,0,528,C:\Users\16024\Desktop\齿镜\calculus-unetpp\artifacts\v2_error_analysis\overlays\false_positive__5768a68f298ce2f4.jpg
5796e967b707568c,negative_clean,1.0,1.0,1.0,0,0,C:\Users\16024\Desktop\齿镜\calculus-unetpp\artifacts\v2_error_analysis\overlays\negative_clean__5796e967b707568c.jpg
581b6a97da2181f5,negative_clean,1.0,1.0,1.0,0,0,C:\Users\16024\Desktop\齿镜\calculus-unetpp\artifacts\v2_error_analysis\overlays\negative_clean__581b6a97da2181f5.jpg
583057ba61961671,acceptable,0.419595,0.281297,0.825567,6523,19146,C:\Users\16024\Desktop\齿镜\calculus-unetpp\artifacts\v2_error_analysis\overlays\acceptable__583057ba61961671.jpg
59124bb90106173f,negative_clean,1.0,1.0,1.0,0,0,C:\Users\16024\Desktop\齿镜\calculus-unetpp\artifacts\v2_error_analysis\overlays\negative_clean__59124bb90106173f.jpg
5bbe7e15165065e2,negative_clean,1.0,1.0,1.0,0,0,C:\Users\16024\Desktop\齿镜\calculus-unetpp\artifacts\v2_error_analysis\overlays\negative_clean__5bbe7e15165065e2.jpg
5d6661d9748070c5,negative_clean,0.009804,0.009804,1.0,0,101,C:\Users\16024\Desktop\齿镜\calculus-unetpp\artifacts\v2_error_analysis\overlays\negative_clean__5d6661d9748070c5.jpg
620abdbc4296343e,false_positive,0.000848,0.000848,1.0,0,1178,C:\Users\16024\Desktop\齿镜\calculus-unetpp\artifacts\v2_error_analysis\overlays\false_positive__620abdbc4296343e.jpg
6239584a49c6d934,negative_clean,1.0,1.0,1.0,0,0,C:\Users\16024\Desktop\齿镜\calculus-unetpp\artifacts\v2_error_analysis\overlays\negative_clean__6239584a49c6d934.jpg
640679343997627e,negative_clean,1.0,1.0,1.0,0,0,C:\Users\16024\Desktop\齿镜\calculus-unetpp\artifacts\v2_error_analysis\overlays\negative_clean__640679343997627e.jpg
6511acbec1e8a660,negative_clean,1.0,1.0,1.0,0,0,C:\Users\16024\Desktop\齿镜\calculus-unetpp\artifacts\v2_error_analysis\overlays\negative_clean__6511acbec1e8a660.jpg
6531a149a5f73722,false_negative,0.000285,1.0,0.000285,3506,0,C:\Users\16024\Desktop\齿镜\calculus-unetpp\artifacts\v2_error_analysis\overlays\false_negative__6531a149a5f73722.jpg
65d4d62ace7a7337,acceptable,0.510774,0.365052,0.850264,6063,14123,C:\Users\16024\Desktop\齿镜\calculus-unetpp\artifacts\v2_error_analysis\overlays\acceptable__65d4d62ace7a7337.jpg
6864b52aed5d1671,false_negative,0.000429,1.0,0.000429,2329,0,C:\Users\16024\Desktop\齿镜\calculus-unetpp\artifacts\v2_error_analysis\overlays\false_negative__6864b52aed5d1671.jpg
6cdc9a67c1dfeeca,acceptable,0.567015,0.44228,0.789834,6727,12014,C:\Users\16024\Desktop\齿镜\calculus-unetpp\artifacts\v2_error_analysis\overlays\acceptable__6cdc9a67c1dfeeca.jpg
6d38d06888e08a14,negative_clean,1.0,1.0,1.0,0,0,C:\Users\16024\Desktop\齿镜\calculus-unetpp\artifacts\v2_error_analysis\overlays\negative_clean__6d38d06888e08a14.jpg
703e8a43c07a98aa,false_negative,0.013685,1.0,0.006953,7765,53,C:\Users\16024\Desktop\齿镜\calculus-unetpp\artifacts\v2_error_analysis\overlays\false_negative__703e8a43c07a98aa.jpg
73fff4ce27b609ae,acceptable,0.443432,0.310557,0.775249,4613,11517,C:\Users\16024\Desktop\齿镜\calculus-unetpp\artifacts\v2_error_analysis\overlays\acceptable__73fff4ce27b609ae.jpg
75b72efa9b8a53d2,negative_clean,1.0,1.0,1.0,0,0,C:\Users\16024\Desktop\齿镜\calculus-unetpp\artifacts\v2_error_analysis\overlays\negative_clean__75b72efa9b8a53d2.jpg
76660e8c0c660e29,negative_clean,1.0,1.0,1.0,0,0,C:\Users\16024\Desktop\齿镜\calculus-unetpp\artifacts\v2_error_analysis\overlays\negative_clean__76660e8c0c660e29.jpg
78a31faa53d87011,negative_clean,1.0,1.0,1.0,0,0,C:\Users\16024\Desktop\齿镜\calculus-unetpp\artifacts\v2_error_analysis\overlays\negative_clean__78a31faa53d87011.jpg
78dc9af1b8191568,negative_clean,1.0,1.0,1.0,0,0,C:\Users\16024\Desktop\齿镜\calculus-unetpp\artifacts\v2_error_analysis\overlays\negative_clean__78dc9af1b8191568.jpg
7b6062831d856fdd,negative_clean,1.0,1.0,1.0,0,0,C:\Users\16024\Desktop\齿镜\calculus-unetpp\artifacts\v2_error_analysis\overlays\negative_clean__7b6062831d856fdd.jpg
7d335409e99b5dbf,negative_clean,1.0,1.0,1.0,0,0,C:\Users\16024\Desktop\齿镜\calculus-unetpp\artifacts\v2_error_analysis\overlays\negative_clean__7d335409e99b5dbf.jpg
7d812cb035b49079,negative_clean,1.0,1.0,1.0,0,0,C:\Users\16024\Desktop\齿镜\calculus-unetpp\artifacts\v2_error_analysis\overlays\negative_clean__7d812cb035b49079.jpg
81fe5dc6eb6d417d,negative_clean,1.0,1.0,1.0,0,0,C:\Users\16024\Desktop\齿镜\calculus-unetpp\artifacts\v2_error_analysis\overlays\negative_clean__81fe5dc6eb6d417d.jpg
8294b973d303af16,false_positive,0.000385,0.000385,1.0,0,2598,C:\Users\16024\Desktop\齿镜\calculus-unetpp\artifacts\v2_error_analysis\overlays\false_positive__8294b973d303af16.jpg
832208205bcab76d,negative_clean,1.0,1.0,1.0,0,0,C:\Users\16024\Desktop\齿镜\calculus-unetpp\artifacts\v2_error_analysis\overlays\negative_clean__832208205bcab76d.jpg
838267429ba276bb,negative_clean,1.0,1.0,1.0,0,0,C:\Users\16024\Desktop\齿镜\calculus-unetpp\artifacts\v2_error_analysis\overlays\negative_clean__838267429ba276bb.jpg
841eae920f876755,false_positive,0.000112,0.000112,1.0,0,8897,C:\Users\16024\Desktop\齿镜\calculus-unetpp\artifacts\v2_error_analysis\overlays\false_positive__841eae920f876755.jpg
84ce4da5deb1a1dd,negative_clean,1.0,1.0,1.0,0,0,C:\Users\16024\Desktop\齿镜\calculus-unetpp\artifacts\v2_error_analysis\overlays\negative_clean__84ce4da5deb1a1dd.jpg
84f203cd26cf11ca,false_positive,0.000264,0.000264,1.0,0,3780,C:\Users\16024\Desktop\齿镜\calculus-unetpp\artifacts\v2_error_analysis\overlays\false_positive__84f203cd26cf11ca.jpg
869d5e586d833631,severe_undersegmentation,0.145804,0.092593,0.345016,912,3401,C:\Users\16024\Desktop\齿镜\calculus-unetpp\artifacts\v2_error_analysis\overlays\severe_undersegmentation__869d5e586d833631.jpg
87bd01ccd3cd0dfe,oversegmentation,0.189417,0.107818,0.780547,2045,14811,C:\Users\16024\Desktop\齿镜\calculus-unetpp\artifacts\v2_error_analysis\overlays\oversegmentation__87bd01ccd3cd0dfe.jpg
87c2dfc20491f49b,false_positive,0.000418,0.000418,1.0,0,2394,C:\Users\16024\Desktop\齿镜\calculus-unetpp\artifacts\v2_error_analysis\overlays\false_positive__87c2dfc20491f49b.jpg
898538afe138196a,negative_clean,1.0,1.0,1.0,0,0,C:\Users\16024\Desktop\齿镜\calculus-unetpp\artifacts\v2_error_analysis\overlays\negative_clean__898538afe138196a.jpg
8a478afb3d636ac5,negative_clean,1.0,1.0,1.0,0,0,C:\Users\16024\Desktop\齿镜\calculus-unetpp\artifacts\v2_error_analysis\overlays\negative_clean__8a478afb3d636ac5.jpg
8bf9afce62bb8389,negative_clean,1.0,1.0,1.0,0,0,C:\Users\16024\Desktop\齿镜\calculus-unetpp\artifacts\v2_error_analysis\overlays\negative_clean__8bf9afce62bb8389.jpg
8de5284bce702348,negative_clean,0.03125,0.03125,1.0,0,31,C:\Users\16024\Desktop\齿镜\calculus-unetpp\artifacts\v2_error_analysis\overlays\negative_clean__8de5284bce702348.jpg
8e89502e30bbbf58,negative_clean,1.0,1.0,1.0,0,0,C:\Users\16024\Desktop\齿镜\calculus-unetpp\artifacts\v2_error_analysis\overlays\negative_clean__8e89502e30bbbf58.jpg
8f67750ef65ebfee,negative_clean,1.0,1.0,1.0,0,0,C:\Users\16024\Desktop\齿镜\calculus-unetpp\artifacts\v2_error_analysis\overlays\negative_clean__8f67750ef65ebfee.jpg
8f8ba4bf09e00c4d,negative_clean,1.0,1.0,1.0,0,0,C:\Users\16024\Desktop\齿镜\calculus-unetpp\artifacts\v2_error_analysis\overlays\negative_clean__8f8ba4bf09e00c4d.jpg
90e1fb3410137e07,false_negative,0.001631,1.0,0.001631,612,0,C:\Users\16024\Desktop\齿镜\calculus-unetpp\artifacts\v2_error_analysis\overlays\false_negative__90e1fb3410137e07.jpg
919b88412140e05b,negative_clean,1.0,1.0,1.0,0,0,C:\Users\16024\Desktop\齿镜\calculus-unetpp\artifacts\v2_error_analysis\overlays\negative_clean__919b88412140e05b.jpg
93e263488cb30a87,acceptable,0.716876,0.588816,0.916218,3711,5775,C:\Users\16024\Desktop\齿镜\calculus-unetpp\artifacts\v2_error_analysis\overlays\acceptable__93e263488cb30a87.jpg
977af0aae616646d,negative_clean,1.0,1.0,1.0,0,0,C:\Users\16024\Desktop\齿镜\calculus-unetpp\artifacts\v2_error_analysis\overlays\negative_clean__977af0aae616646d.jpg
99dd3595011cabd2,negative_clean,1.0,1.0,1.0,0,0,C:\Users\16024\Desktop\齿镜\calculus-unetpp\artifacts\v2_error_analysis\overlays\negative_clean__99dd3595011cabd2.jpg
9b78c08b9372294a,negative_clean,1.0,1.0,1.0,0,0,C:\Users\16024\Desktop\齿镜\calculus-unetpp\artifacts\v2_error_analysis\overlays\negative_clean__9b78c08b9372294a.jpg
9c7614da44c314b0,negative_clean,1.0,1.0,1.0,0,0,C:\Users\16024\Desktop\齿镜\calculus-unetpp\artifacts\v2_error_analysis\overlays\negative_clean__9c7614da44c314b0.jpg
9ca05bd30b085bd6,negative_clean,1.0,1.0,1.0,0,0,C:\Users\16024\Desktop\齿镜\calculus-unetpp\artifacts\v2_error_analysis\overlays\negative_clean__9ca05bd30b085bd6.jpg
9f462cc77dbb5bdc,negative_clean,1.0,1.0,1.0,0,0,C:\Users\16024\Desktop\齿镜\calculus-unetpp\artifacts\v2_error_analysis\overlays\negative_clean__9f462cc77dbb5bdc.jpg
a01722fcc613a3fc,negative_clean,1.0,1.0,1.0,0,0,C:\Users\16024\Desktop\齿镜\calculus-unetpp\artifacts\v2_error_analysis\overlays\negative_clean__a01722fcc613a3fc.jpg
a15d2f307379d7c2,negative_clean,1.0,1.0,1.0,0,0,C:\Users\16024\Desktop\齿镜\calculus-unetpp\artifacts\v2_error_analysis\overlays\negative_clean__a15d2f307379d7c2.jpg
a23e66fc06a8a717,negative_clean,1.0,1.0,1.0,0,0,C:\Users\16024\Desktop\齿镜\calculus-unetpp\artifacts\v2_error_analysis\overlays\negative_clean__a23e66fc06a8a717.jpg
a41784d65c56d842,acceptable,0.789759,0.688585,0.925849,3856,5185,C:\Users\16024\Desktop\齿镜\calculus-unetpp\artifacts\v2_error_analysis\overlays\acceptable__a41784d65c56d842.jpg
a4baab5644bd3177,negative_clean,1.0,1.0,1.0,0,0,C:\Users\16024\Desktop\齿镜\calculus-unetpp\artifacts\v2_error_analysis\overlays\negative_clean__a4baab5644bd3177.jpg
acea108c87ebe2e4,negative_clean,1.0,1.0,1.0,0,0,C:\Users\16024\Desktop\齿镜\calculus-unetpp\artifacts\v2_error_analysis\overlays\negative_clean__acea108c87ebe2e4.jpg
b00290f5a29dc6cf,false_negative,0.000281,1.0,0.000281,3560,0,C:\Users\16024\Desktop\齿镜\calculus-unetpp\artifacts\v2_error_analysis\overlays\false_negative__b00290f5a29dc6cf.jpg
b21dcf9f23487cde,false_positive,0.00082,0.00082,1.0,0,1219,C:\Users\16024\Desktop\齿镜\calculus-unetpp\artifacts\v2_error_analysis\overlays\false_positive__b21dcf9f23487cde.jpg
b3b5887017f085db,acceptable,0.412844,0.358741,0.48629,5506,7464,C:\Users\16024\Desktop\齿镜\calculus-unetpp\artifacts\v2_error_analysis\overlays\acceptable__b3b5887017f085db.jpg
b5558624967f1833,false_negative,0.000273,1.0,0.000273,3667,0,C:\Users\16024\Desktop\齿镜\calculus-unetpp\artifacts\v2_error_analysis\overlays\false_negative__b5558624967f1833.jpg
b61f75515fcc30c9,false_positive,7.6e-05,7.6e-05,1.0,0,13076,C:\Users\16024\Desktop\齿镜\calculus-unetpp\artifacts\v2_error_analysis\overlays\false_positive__b61f75515fcc30c9.jpg
b6c8a44f2c8c56b9,negative_clean,1.0,1.0,1.0,0,0,C:\Users\16024\Desktop\齿镜\calculus-unetpp\artifacts\v2_error_analysis\overlays\negative_clean__b6c8a44f2c8c56b9.jpg
b746a10437d13e31,negative_clean,1.0,1.0,1.0,0,0,C:\Users\16024\Desktop\齿镜\calculus-unetpp\artifacts\v2_error_analysis\overlays\negative_clean__b746a10437d13e31.jpg
b846e852770fe289,false_negative,0.000407,1.0,0.000407,2457,0,C:\Users\16024\Desktop\齿镜\calculus-unetpp\artifacts\v2_error_analysis\overlays\false_negative__b846e852770fe289.jpg
bd6df3ba7e8a5e28,negative_clean,1.0,1.0,1.0,0,0,C:\Users\16024\Desktop\齿镜\calculus-unetpp\artifacts\v2_error_analysis\overlays\negative_clean__bd6df3ba7e8a5e28.jpg
bf2a299f05158a6f,negative_clean,1.0,1.0,1.0,0,0,C:\Users\16024\Desktop\齿镜\calculus-unetpp\artifacts\v2_error_analysis\overlays\negative_clean__bf2a299f05158a6f.jpg
bfa0438091a88def,false_positive,0.000795,0.000795,1.0,0,1257,C:\Users\16024\Desktop\齿镜\calculus-unetpp\artifacts\v2_error_analysis\overlays\false_positive__bfa0438091a88def.jpg
c0ebff764b7950bf,negative_clean,1.0,1.0,1.0,0,0,C:\Users\16024\Desktop\齿镜\calculus-unetpp\artifacts\v2_error_analysis\overlays\negative_clean__c0ebff764b7950bf.jpg
c32ef2adf28103a7,negative_clean,1.0,1.0,1.0,0,0,C:\Users\16024\Desktop\齿镜\calculus-unetpp\artifacts\v2_error_analysis\overlays\negative_clean__c32ef2adf28103a7.jpg
c378732611d8b029,false_negative,0.000152,1.0,0.000152,6593,0,C:\Users\16024\Desktop\齿镜\calculus-unetpp\artifacts\v2_error_analysis\overlays\false_negative__c378732611d8b029.jpg
c37e2e58a519a8eb,false_negative,0.000137,1.0,0.000137,7278,0,C:\Users\16024\Desktop\齿镜\calculus-unetpp\artifacts\v2_error_analysis\overlays\false_negative__c37e2e58a519a8eb.jpg
c4fcaf4394997571,negative_clean,1.0,1.0,1.0,0,0,C:\Users\16024\Desktop\齿镜\calculus-unetpp\artifacts\v2_error_analysis\overlays\negative_clean__c4fcaf4394997571.jpg
c858e4f29b9d7a68,negative_clean,1.0,1.0,1.0,0,0,C:\Users\16024\Desktop\齿镜\calculus-unetpp\artifacts\v2_error_analysis\overlays\negative_clean__c858e4f29b9d7a68.jpg
c87de621160dd25f,false_negative,0.000345,1.0,0.000345,2895,0,C:\Users\16024\Desktop\齿镜\calculus-unetpp\artifacts\v2_error_analysis\overlays\false_negative__c87de621160dd25f.jpg
c9861ea6525a7364,acceptable,0.755593,0.617453,0.973391,9056,14277,C:\Users\16024\Desktop\齿镜\calculus-unetpp\artifacts\v2_error_analysis\overlays\acceptable__c9861ea6525a7364.jpg
cb108a3888448604,negative_clean,1.0,1.0,1.0,0,0,C:\Users\16024\Desktop\齿镜\calculus-unetpp\artifacts\v2_error_analysis\overlays\negative_clean__cb108a3888448604.jpg
cbff0450ecf8112d,negative_clean,1.0,1.0,1.0,0,0,C:\Users\16024\Desktop\齿镜\calculus-unetpp\artifacts\v2_error_analysis\overlays\negative_clean__cbff0450ecf8112d.jpg
cc9ed4fb7faa9cf8,false_negative,0.00189,1.0,0.00189,528,0,C:\Users\16024\Desktop\齿镜\calculus-unetpp\artifacts\v2_error_analysis\overlays\false_negative__cc9ed4fb7faa9cf8.jpg
ceed7ccf938054a5,false_negative,0.000226,1.0,0.000226,4424,0,C:\Users\16024\Desktop\齿镜\calculus-unetpp\artifacts\v2_error_analysis\overlays\false_negative__ceed7ccf938054a5.jpg
cf51521579808f3c,negative_clean,1.0,1.0,1.0,0,0,C:\Users\16024\Desktop\齿镜\calculus-unetpp\artifacts\v2_error_analysis\overlays\negative_clean__cf51521579808f3c.jpg
d10455477536bab1,false_positive,6.4e-05,6.4e-05,1.0,0,15545,C:\Users\16024\Desktop\齿镜\calculus-unetpp\artifacts\v2_error_analysis\overlays\false_positive__d10455477536bab1.jpg
d21d4fe29adeaac4,false_negative,0.000269,1.0,0.000269,3714,0,C:\Users\16024\Desktop\齿镜\calculus-unetpp\artifacts\v2_error_analysis\overlays\false_negative__d21d4fe29adeaac4.jpg
d3755cb53c78860f,false_positive,0.000547,0.000547,1.0,0,1827,C:\Users\16024\Desktop\齿镜\calculus-unetpp\artifacts\v2_error_analysis\overlays\false_positive__d3755cb53c78860f.jpg
d77c4bbc0d067c89,oversegmentation,0.316036,0.206798,0.670311,3566,11561,C:\Users\16024\Desktop\齿镜\calculus-unetpp\artifacts\v2_error_analysis\overlays\oversegmentation__d77c4bbc0d067c89.jpg
d8a5f47521fc361e,false_positive,0.000191,0.000191,1.0,0,5242,C:\Users\16024\Desktop\齿镜\calculus-unetpp\artifacts\v2_error_analysis\overlays\false_positive__d8a5f47521fc361e.jpg
d9aa6bfd2d9d23bb,negative_clean,1.0,1.0,1.0,0,0,C:\Users\16024\Desktop\齿镜\calculus-unetpp\artifacts\v2_error_analysis\overlays\negative_clean__d9aa6bfd2d9d23bb.jpg
da36f2049f78d0c6,false_positive,0.000747,0.000747,1.0,0,1337,C:\Users\16024\Desktop\齿镜\calculus-unetpp\artifacts\v2_error_analysis\overlays\false_positive__da36f2049f78d0c6.jpg
dd1933d11b2e2003,negative_clean,1.0,1.0,1.0,0,0,C:\Users\16024\Desktop\齿镜\calculus-unetpp\artifacts\v2_error_analysis\overlays\negative_clean__dd1933d11b2e2003.jpg
dfdec55920b2b521,false_positive,5.4e-05,5.4e-05,1.0,0,18640,C:\Users\16024\Desktop\齿镜\calculus-unetpp\artifacts\v2_error_analysis\overlays\false_positive__dfdec55920b2b521.jpg
e0123bd6e06f8a12,negative_clean,1.0,1.0,1.0,0,0,C:\Users\16024\Desktop\齿镜\calculus-unetpp\artifacts\v2_error_analysis\overlays\negative_clean__e0123bd6e06f8a12.jpg
e0f8c428e248a17b,acceptable,0.542699,0.435769,0.71928,5663,9348,C:\Users\16024\Desktop\齿镜\calculus-unetpp\artifacts\v2_error_analysis\overlays\acceptable__e0f8c428e248a17b.jpg
e81a54faadc2a80a,false_positive,0.000544,0.000544,1.0,0,1837,C:\Users\16024\Desktop\齿镜\calculus-unetpp\artifacts\v2_error_analysis\overlays\false_positive__e81a54faadc2a80a.jpg
e82c898f17dad0df,acceptable,0.637149,0.491491,0.905567,8100,14925,C:\Users\16024\Desktop\齿镜\calculus-unetpp\artifacts\v2_error_analysis\overlays\acceptable__e82c898f17dad0df.jpg
e87b64379c66dbf6,false_negative,0.000732,1.0,0.000732,1366,0,C:\Users\16024\Desktop\齿镜\calculus-unetpp\artifacts\v2_error_analysis\overlays\false_negative__e87b64379c66dbf6.jpg
e8dfdac3ba5e628b,negative_clean,1.0,1.0,1.0,0,0,C:\Users\16024\Desktop\齿镜\calculus-unetpp\artifacts\v2_error_analysis\overlays\negative_clean__e8dfdac3ba5e628b.jpg
e92f2fa760af3f35,negative_clean,1.0,1.0,1.0,0,0,C:\Users\16024\Desktop\齿镜\calculus-unetpp\artifacts\v2_error_analysis\overlays\negative_clean__e92f2fa760af3f35.jpg
e9ba6ca44aad8920,negative_clean,1.0,1.0,1.0,0,0,C:\Users\16024\Desktop\齿镜\calculus-unetpp\artifacts\v2_error_analysis\overlays\negative_clean__e9ba6ca44aad8920.jpg
ec26fd31086b35d9,negative_clean,1.0,1.0,1.0,0,0,C:\Users\16024\Desktop\齿镜\calculus-unetpp\artifacts\v2_error_analysis\overlays\negative_clean__ec26fd31086b35d9.jpg
ec2c1cd5239257bd,negative_clean,1.0,1.0,1.0,0,0,C:\Users\16024\Desktop\齿镜\calculus-unetpp\artifacts\v2_error_analysis\overlays\negative_clean__ec2c1cd5239257bd.jpg
ed7442d005a42a4c,negative_clean,1.0,1.0,1.0,0,0,C:\Users\16024\Desktop\齿镜\calculus-unetpp\artifacts\v2_error_analysis\overlays\negative_clean__ed7442d005a42a4c.jpg
ef27f3a5fbbebaf8,acceptable,0.593635,0.429595,0.960534,3369,7534,C:\Users\16024\Desktop\齿镜\calculus-unetpp\artifacts\v2_error_analysis\overlays\acceptable__ef27f3a5fbbebaf8.jpg
f3f2860220ebea2b,acceptable,0.675292,0.585109,0.798368,14823,20226,C:\Users\16024\Desktop\齿镜\calculus-unetpp\artifacts\v2_error_analysis\overlays\acceptable__f3f2860220ebea2b.jpg
f4f0c070c6d3c22b,false_negative,0.00289,1.0,0.00289,345,0,C:\Users\16024\Desktop\齿镜\calculus-unetpp\artifacts\v2_error_analysis\overlays\false_negative__f4f0c070c6d3c22b.jpg
f66cc154b15ea5ca,false_positive,0.000935,0.000935,1.0,0,1069,C:\Users\16024\Desktop\齿镜\calculus-unetpp\artifacts\v2_error_analysis\overlays\false_positive__f66cc154b15ea5ca.jpg
f6f3334849d0060f,false_negative,0.000143,1.0,0.000143,6986,0,C:\Users\16024\Desktop\齿镜\calculus-unetpp\artifacts\v2_error_analysis\overlays\false_negative__f6f3334849d0060f.jpg
f76d80356757ad6b,false_negative,0.002004,1.0,0.002004,498,0,C:\Users\16024\Desktop\齿镜\calculus-unetpp\artifacts\v2_error_analysis\overlays\false_negative__f76d80356757ad6b.jpg
f896593368cf1efb,false_negative,5.9e-05,6.9e-05,0.000389,2571,14413,C:\Users\16024\Desktop\齿镜\calculus-unetpp\artifacts\v2_error_analysis\overlays\false_negative__f896593368cf1efb.jpg
f8e3cb6d6ea69c02,negative_clean,1.0,1.0,1.0,0,0,C:\Users\16024\Desktop\齿镜\calculus-unetpp\artifacts\v2_error_analysis\overlays\negative_clean__f8e3cb6d6ea69c02.jpg
fb8d41edb8feec8c,negative_clean,1.0,1.0,1.0,0,0,C:\Users\16024\Desktop\齿镜\calculus-unetpp\artifacts\v2_error_analysis\overlays\negative_clean__fb8d41edb8feec8c.jpg
fd0ee851750f80cf,negative_clean,1.0,1.0,1.0,0,0,C:\Users\16024\Desktop\齿镜\calculus-unetpp\artifacts\v2_error_analysis\overlays\negative_clean__fd0ee851750f80cf.jpg
fd2e75c6a30cc017,negative_clean,1.0,1.0,1.0,0,0,C:\Users\16024\Desktop\齿镜\calculus-unetpp\artifacts\v2_error_analysis\overlays\negative_clean__fd2e75c6a30cc017.jpg
fdf06921e673a0ba,negative_clean,1.0,1.0,1.0,0,0,C:\Users\16024\Desktop\齿镜\calculus-unetpp\artifacts\v2_error_analysis\overlays\negative_clean__fdf06921e673a0ba.jpg
fe76d16a63e51661,false_positive,0.000876,0.000876,1.0,0,1141,C:\Users\16024\Desktop\齿镜\calculus-unetpp\artifacts\v2_error_analysis\overlays\false_positive__fe76d16a63e51661.jpg
